street,zip_code
Переулок 1-й Машиностроителей,420056
1-я Аральская улица,420055
1-я Владимирская улица,420088
1-я Молдавская улица,420056
1-я Полевая улица,420098
1-я Угловая улица,420070
Улица 10 лет Октября,420005
Переулок 2-й Машиностроителей,420056
2-я Аральская улица,420055
Улица 2-я Героев Хасана,420101
2-я Колхозная улица,420098
2-я Молдавская улица,420056
2-я Осиновская улица,420076
2-я Отдаленная улица,420056
2-я Полевая улица,420140
2-я Центральная улица,420129
2-я Школьная улица,420099
Улица 25-го Октября,420032
3-я Давликеевская улица,420055
3-я Таежная улица,420056
Улица 40 лет Октября,420004
Улица 40 лет Победы,420070
Улица 65 лет Победы,420140
Улица 8 Марта,420029
9 Мая улица,420077
9-я Давликеевская улица,420055
Улица Абая Кунанбаева,420047
Улица Абдуллы Алиша (Салмачи),420129
Улица Абдуллы Бичурина,420124
Улица Абубекира Терегулова,420138
Авангардная улица,420054
Авангардный переулок,420054
Улица Авиастроителей,420098
Улица Авиахима,420073
Автосервисная улица,420051
Улица Агачлык,420129
Аграрная улица,420061
Агрызская улица,420053
Улица Адамюка,420015
Улица Адмирала Нахимова,420097
Улица Адмирала Ушакова,420054
Адмиралтейская улица,420030
Улица Азамат,420064
Улица Азатлык,420075
Улица Азина,420075
Азинская 1-я улица,420088
Азинская 2-я улица,420088
Азинская 3-я улица,420088
Улица Айвазовского,420012
Улица Айни Садретдинова,420054
Переулок Айнур,420096
Улица Айнур,420096
Улица Айрата Арсланова,420076
Улица Ак каен,420091
Улица Ак чэчэклэр,420129
Улица Академика Кирпичникова,420029
Улица Академика Павлова,420127
Улица Академика Сахарова,420100
Академическая улица,420097
Акварельная улица,420055
Улица Аккош,420076
Переулок Аксакова,420076
Улица Аксакова,420076
Улица Аксу,420076
Актайская улица,420054
Актанышская улица,420076
Актанышский переулок,420076
Улица Акташ,420129
Актюбинская улица,420076
Улица Акчарлак,420129
Переулок Акъяр,420096
Улица Акъяр,420096
Улица Алан,420076
Улица Алафузова,420032
Алданская улица,420056
Алебастровая улица,420005
Улица Александра Ключарева,420055
Улица Александра Курынова,420083
Улица Александра Пархоменко,420004
Улица Александра Попова,420029
Улица Алексея Козина,421001
Алеутская улица,420076
Улица Алишера Навои,420085
Улица Алмагач,420088
Улица Алмалы,420070
Улица Алматау,420088
Улица Алмачуар,420129
Улица Алсу,420083
Улица Алтын Балык,420079
Улица Алтынова,420076
Альметьевская улица,420056
Улица Альпинистов,420105
Улица Альфреда Халикова,420021
Улица Амет-Хана Султана,420140
Аметьевская улица,420105
Аметьевский переулок,420105
Улица Амирхана Еники,420097
Анадырская улица,420056
Улица Анвара Каримова,420039
Улица Андрея Адо,420064
Апастовская улица,420094
Апрельская улица,420047
Аракчинская улица,420030
Аракчинская 2-я улица,420030
Улица Аракчинское Шоссе,420079
Арбатская улица,420047
Улица Аргамак,420140
Армавирская 1-я улица,420047
Армавирская 3-я улица,420047
Переулок Армут,420140
Арская улица,420075
Арский переулок,420075
Артельная улица,420101
Артиллерийская улица,420088
Архангельская улица,420030
Архангельский переулок,420030
Астрономическая улица,420111
Улица Асылъяр,420075
Атнинская улица,420129
Переулок Аулак,420076
Улица Аулак,420076
Ачинская улица,420054
Ашхабадский переулок,420036
Улица Аяз,420088
Улица Бабушкина,420032
Бавлинская улица,420047
Улица Багратиона,420047
Переулок Бадаева,420091
Переулок Бадаева 2-я,420091
Бадаева 2-я улица,420091
Базарная улица,420032
Улица Байрам,420096
Бакалейная улица,420095
Улица Баки Урманче,420064
Улица Бакчалы,420139
Улица Балакирева,420047
Переулок Баланлык,420140
Улица Балачак,420129
Балашовская улица,420054
Балканская улица,420055
Улица Баллы,420088
Балтасинская улица,420047
Улица Бари Галеева,420061
Барнаульская улица,420059
Бастионная улица,420140
Батумская улица,420047
Улица Батурина,420111
Улица Батырлык,420140
Улица Баумана,420111
Улица Бахтизина,420140
Башкирская улица,420054
Беговая улица,420029
Безымянный переулок,420054
Улица Белинского,420036
Беловежская улица,420083
Белогорская улица,420056
Белозерская улица,420083
Белокаменная улица,420083
Белорусская улица,420054
Белостокская улица,420101
Улица Берег реки Казанки,420032
Улица Береговая (Старое Победилово),420005
Улица Березка,420056
Березниковская 1-я улица,420055
Березниковская 2-я улица,420055
Улица Березовая (Лесной городок),420064
Улица Березовая (Малые Дербышки),420096
Улица Березовая (Петровский),420070
Улица Березовая (Щербаково),420099
Улица Березовая Роща,420005
Березовый переулок,420079
Переулок Беркутова,420083
Улица Беркутова (Константиновка),420083
Берсутская улица,420078
Улица Бехтерева,420111
Билярская улица,420094
Бирюзовая улица,420078
Бирюзовый переулок,420077
Улица Бирюсовая (Константиновка),420083
Улица Бирюсовая (Новая Сосновка),420056
Улица Бишек (Вознесенье),420140
Благодатная улица,420064
Блестящий переулок,420064
Блочная улица,420127
Улица Блюхера,420095
Богатырская улица,420078
Бодрая улица,420054
Боевая улица,420030
Бойничная улица,420043
Переулок Боковой (Вознесенье),420140
Улица Болгар,420108
Болгарская улица,420076
Улица Болотникова,420033
Улица Болынлык (Кульсеитово),420096
Больничная улица,420078
Большая улица,420030
Большая 2-я улица,420098
Большая Заречная улица,420098
Улица Большая Крыловка,420034
Улица Большая Мухаметшина,420033
Большая Осенняя улица,420056
Большая Шоссейная улица,420039
Бондюжская улица,420081
Борисковская улица,420054
Улица Бородина,420032
Братская улица,420105
Улица Братьев Петряевых,420021
Улица Брусничная (Красно-октябрьское лесн-во),420051
Улица Брусничная (Лесной городок),420064
Улица Брюсова,420030
Брянская улица,420101
Бугринская улица,420032
Бульварная улица,420055
Улица Буляк (Красно-октярьское лесн-во),420051
Улица Бутлерова,420012
Бутырская улица,420059
Бутырский переулок,420059
Бухарская улица,420087
Улица Бэйге (Кульсеитово),420096
Вагонная улица,420079
Улица Валентина Котика,420091
Варшавская улица,420076
Варшавский переулок,420076
Улица Васильковая (Салмачи),420129
Улица Васильченко,420095
Улица Васнецова,420047
Улица Ватутина,420021
Площадь Вахитова,420021
Улица Вениамина Григорьева,420141
Вербная улица,420140
Улица Верещагина,420037
Улица Верная (Вознесенское),420140
Улица Вероники Тушновой,420129
Переулок Верхний 1-й (Киндери),420075
Переулок Верхний 2-й (Киндери),420075
Улица Верхняя (Киндери),420075
Верхняя 1-я улица,420053
Верхняя 2-я улица,420053
Улица Веселая (Салмачи),420129
Весенняя улица,420055
Ветеринарная улица,420097
Ветровая улица,420078
Улица Виктора Деринга,420064
Улица Виктора Сажинова,420076
Улица Вильямса,420047
Улица Виталия Синицына,420055
Витебская улица,420054
Вишневая улица,420055
Улица Вишневая (Борисоглебское),420098
Улица Вишневая (Вознесенское),420140
Улица Вишневая (Константиновка),420083
Улица Вишневая (Новая Сосновка),420056
Улица Вишневый Сад,420096
Улица Владимира Кулагина,420054
Внешняя улица,420032
Улица Водников (Новое Аракчино),420079
Улица Водстрой (Киндери),420075
Военная улица,420030
Городок Военный 2,420059
Городок Военный 32,420079
Городок Военный 33,420059
Возвышенная улица,420053
Улица Вознесенская (Вознесенское),420140
Волгодонская улица,420047
Волжская улица,420005
Улица Волкова,420012
Улица Волкова (Аки),420075
Волнистая улица,420108
Вологодская улица,420037
Волховская улица,420047
Вольная 1-я улица,420034
Вольная 2-я улица,420034
Вольская 1-я улица,420053
Вольская 2-я улица,420053
Воркутинская улица,420078
Улица Воронихина,420047
Воскресенская улица,420054
Восточная улица,420030
Выборгская улица,420006
Выборгский переулок,420006
Выборная улица,420076
Выгонная улица,420030
Высокогорская улица,420056
Высотная улица,420087
Вьюжная улица,420076
Вяземская улица,420075
Улица Вязовая (Восточный),420129
Улица Габдрахмана Рафикова,420056
Улица Габдуллы Кариева,420081
Улица Габдуллы Рахимкулова,420070
Гаванская улица,420078
Гаванский переулок,420078
Улица Гавриила Державина,420076
Улица Гагарина (Новая Сосновка),420071
Улица Гагарина (Отары),420005
Улица Газовая (Щербаково),420099
Газовая 2-я улица,420049
Газонная 1-я улица,420105
Газонная 2-я улица,420105
Улица Гайдара,420105
Улица Галактионова,420015
Улица Гали Динмухаметова,420140
Улица Галиаскара Камала (Кадышево),420099
Улица Галии Кайбицкой,420100
Гаражная 2-я улица,420054
Улица Гассара,420021
Улица Гастелло,420073
Улица Гафиатуллина,420047
Улица Гаяза Исхаки,420111
Улица Генерала Кобякова,420139
Улица Героев Хасана,420101
Героев Хасана 1-я улица,420101
Переулок Герцена,420078
Улица Гидростроя,420047
Гипсовая улица,420079
Территория гк Багратионовец-2,420000
Территория гк Нур,420000
Улица Главная (Кульсеитово),420096
Улица Гладилова,420032
Глазовская улица,420004
Улица Глазунова,420054
Улица Глинки,420036
Глубинная улица,420077
Улица Гоголя,420015
Улица Голубятникова,420094
Гомельская улица,420037
Улица Гончарова,420032
Улица Горбунова,420047
Улица Гори,420047
Горийская улица,420054
Горная улица,420101
Горный переулок,420043
Городская улица,420039
Горсоветская улица,420034
Улица Горьковское Шоссе,420004
Улица Горького,420015
Гостеприимный проезд,420129
Улица Гостиница аэропорта,420017
Гранатовый переулок,420070
Грачиная улица,420140
Улица Грибная (Петровский),420070
Улица Грибоедова,420105
Гривская улица,420066
Улица Груздева,420012
Грузовая улица,420032
Грунтовая улица,420054
Грушевый переулок,420079
Территория ГСК Азино,420073
Территория ГСК Алга,420000
Территория ГСК Восток,420076
Территория ГСК Казанка (Абжалилова),420097
Территория ГСК Скиф,420005
Территория ГСК Сокол-98,420000
Территория ГСК Химик-2,420004
Улица Гузель,420076
Улица Гульшат Зайнашевой,420055
Улица Гумера Баширова,420079
Улица Гумера Гали,420055
Давликеевская 1-я улица,420055
Давликеевская 10-я улица,420055
Давликеевская 11-я улица,420055
Давликеевская 12-я улица,420055
Давликеевская 13-я улица,420055
Давликеевская 2-я улица,420055
Давликеевская 4-я улица,420055
Давликеевская 5-я улица,420055
Давликеевская 6-я улица,420055
Давликеевская 7-я улица,420055
Давликеевская 8-я улица,420055
Дальне-Кабанная улица,420054
Дальневосточная улица,420101
Дальний переулок,420129
Дальняя улица,420059
Улица Данлы (Алтан),420129
Даурская 2-я улица,420087
Улица Даутовой,420005
Улица Дачная (Кульсеитово),420096
Улица Дачная (Приволжский р-н),420005
Улица Дачная (Щербаково),420099
Дачный переулок,420077
Двинская улица,420101
Улица Девятаева,420108
Улица Дегтярева,420054
Улица Дежнева,420102
Деловая улица,420032
Улица Дементьева,420127
Улица Демьяна Бедного,420097
Улица Дениса Давыдова,420047
Депутатская улица,420101
Территория Деревня Универсиады,420010
Десятидворная улица,420054
Детский проезд,420055
Улица Джалиловцев,420056
Улица Джамбула,420047
Улица Джапаридзе,420047
Улица Джаудата Файзи,420025
Улица Дзержинского,420111
Дивизионная улица,420140
Дивный переулок,420140
Улица Динамо,420056
Улица Дмитрия Менделеева,420140
Улица Дмитрия Строганова,420056
Днепропетровская улица,420101
Улица Добролюбова,420047
Добротная улица,420140
Улица Доватора,420054
Улица Докучаева,420054
Долинная улица,420097
Улица Домрачевых,420055
Донецкая улица,420037
Улица Дорожная (Киндери),420075
Улица Дорожная (Нагорный),420056
Улица Дорожная (Новая Сосновка),420056
Улица Дорожная (Отары),420005
Дренажная улица,420066
Улица Дружбы,420029
Дружинная улица,420034
Дружный переулок,420078
Улица Дубинина,420047
Улица Дубравная (Вознесенское),420140
Улица Дубровая (Петровский),420070
Улица Дубровка (Нагорный),420056
Дубъязская улица,420078
Дудинская улица,420054
Улица Дулата Али,420108
Улица Дулкын (Кульсеитово),420096
Улица Дуслар (Вознесенское),420140
Переулок Дуслык,420025
Улица Дуслык,420025
Улица Дэрдменда,420129
Улица Дэртле,420140
Улица Евгения Баратынского,420076
Улица Единения (Салмачи),420129
Ежевичная улица,420076
Елабужская 1-я улица,420054
Елабужская 2-я улица,420054
Еловая улица,420079
Улица Еловая (Новая Сосновка),420056
Улица Ермоловой,420047
Улица Жаворонковая (Вознесенское),420140
Желатиновая улица,420006
Железноводская улица,420055
Железнодорожная улица,420105
Улица Железнодорожников,420078
Железнодорожный переулок,420079
Улица Желябова,420036
Улица Жемчужная (Салмачи),420129
Жигулевская улица,420047
Территория Жилгородок Мостотряд-3,420051
Жилищная улица,420094
Улица Жимешле (Плодопитомник),420139
Улица Жуковка,420030
Улица Жуковского,420015
Улица Журавлино (Кульсеитово),420096
Переулок Заботина,420036
Улица Заботина,420036
Улица Заветная (Алтан),420129
Переулок Заветный (Алтан),420129
Заводская улица,420021
Улица Заводская (Борисоглебское),420098
Улица Заводская (Московский р-н),420021
Заводская 1-я улица,420054
Завокзальная улица,420079
Улица Загитова,420139
Загородная улица,420005
Задне-Бойничная улица,420043
Задне-Борисковская улица,420054
Задне-Воскресенская улица,420054
Задне-Давликеевская улица,420054
Задне-Мостовая улица,420054
Улица Задорная (Петровский),420070
Заинская улица,420085
Займищенская улица,420077
Займищенский переулок,420077
Улица Зайни Султана,420021
Улица Зайцева,420108
Закамская улица,420097
Залесная улица,420076
Залесная 2-я улица,420076
Залесная 4-я улица,420076
Залесная 5-я улица,420076
Залесная 6-я улица,420076
Залесная 7-я улица,420076
Залесная 8-я улица,420076
Заливная улица,420032
Заовражная улица,420101
Заозерная улица,420083
Западная улица,420030
Запорожская улица,420054
Запрогонная улица,420079
Улица Заречная (Большие Дербышки),420096
Улица Заречная (Борисоглебское),420098
Улица Заречная (Вишневка),420129
Улица Заречная (Вознесенское),420140
Улица Заречная (Кадышево),420099
Улица Заречная (Малые Клыки),420025
Проспект Заречье,420076
Зарничная улица,420140
Улица Заря,420029
Улица Заслонова,420097
Улица Затлы,420138
Затонская улица,420079
Звездная улица,420079
Звездопадная улица,420129
Звениговская улица,420094
Звенигородская улица,420077
Улица Звонкая (Восточный),420129
Улица Зеленая (Борисоглебское),420098
Улица Зеленая (Кадышево),420099
Улица Зеленая (Константиновка),420083
Улица Зеленая (Кульсеитово),420096
Улица Зеленая (Щербаково),420099
Улица Зеленая 1-я (Салмачи),420129
Улица Зеленая 2-я (Салмачи),420129
Улица Зеленая 3-я (Салмачи),420129
Улица Зеленая 4-я (Салмачи),420129
Улица Зеленая 5-я (Салмачи),420129
Зеленый переулок,420078
Земледельческая улица,420055
Землемерная улица,420054
Землемерная 2-я улица,420054
Земляничная 1-я улица,420055
Земляничная 2-я улица,420055
Зенитная улица,420088
Зилантовская улица,420076
Зимняя улица,420076
Улица Зифа,420070
Улица Зифы Басыровой,420056
Улица Зои Космодемьянской,420111
Улица Ивана Кабушкина,420140
Улица Ивана Поддубного,420077
Улица Ивана Федорова,420091
Улица Иванычева,420098
Улица Ивовая (Борисоглебское),420098
Извилистая улица,420083
Извилистый переулок,420083
Измайловская улица,420094
Улица Изумрудная (Константиновка),420083
Улица Илхам,420075
Улица Ильича,420078
Улица Иман,420140
Переулок Иман (Вознесенское),420140
Улица Иминлек,420088
Улица Имянле,420064
Индустриальная улица,420036
Инструментальная улица,420075
Интернатная улица,420076
Улица Иовлева,420030
Ипподромная улица,420049
Улица Иркен,420140
Иртышская улица,420102
Улица Исаева,420039
Улица Исаева (Большие Дербышки),420096
Улица Исмаила Гаспринского,420021
Улица Итиль,420083
Ишимская улица,420037
Улица Йолдызлы,420076
Кавалерийская улица,420088
Улица Кави Наджми,420111
Кавказская улица,420076
Улица Кадышевская (Борисоглебское),420098
Улица Кадышевская (Щербаково),420099
Кадышевская 10-я улица,420132
Кадышевская 11-я улица,420132
Кадышевская 12-я улица,420132
Кадышевская 2-я улица,420132
Кадышевская 5-я улица,420132
Кадышевская 7-я улица,420132
Кадышевская 8-я улица,420132
Кадышевская 9-я улица,420132
Улица Каенсар (Алтан),420129
Казанская улица,420083
Улица Казансу (Кульсеитово),420096
Казахская улица,420030
Календарная улица,420055
Улица Калинина (Кадышево),420099
Калининградская 1-я улица,420101
Калининградская 2-я улица,420101
Калининградская 3-я улица,420101
Калининградская 4-я улица,420101
Улица Калиновая (Аки),420075
Улица Калиновского,420076
Калугинская улица,420032
Калужская улица,420105
Улица Камиля Якуба,420108
Улица Камская (Вознесенское),420140
Камчатская улица,420098
Улица Камышлы,420129
Канашская улица,420102
Канская улица,420054
Улица Карама (Алтан),420129
Улица Карамзина,420047
Улица Карачаровская (Вознесенье),420129
Переулок Кардашлек,420140
Улица Кардашлек (Вознесенское),420140
Карельская улица,420030
Улица Карла Фукса,420111
Переулок Карлыган,420070
Карпатская улица,420076
Карьерная улица,420053
Улица Карьерная (Киндери),420075
Катановский переулок,420012
Каучуковая улица,420054
Улица Качаклар,420025
Улица Качалова,420049
Каширская улица,420078
Улица Каюма Насыри,420021
Улица Кедровая (Плодопитомник),420139
Кедровый переулок,420079
Улица Кемеш,420076
Керченская улица,420037
Улица Кизляу,420129
Переулок Кирова,420111
Улица Кировская дамба,420111
Кирпичная улица,420073
Кисловодская улица,420005
Кисловодский переулок,420005
Улица Клары Цеткин,420030
Клеверная 1-я улица,420056
Клеверная 2-я улица,420056
Клеверная 3-я улица,420056
Клеверная 4-я улица,420056
Клеверная 5-я улица,420056
Клеверная 6-я улица,420056
Улица Кленовая (Константиновка),420083
Кленовая 1-я улица,420075
Кленовая 2-я улица,420075
Кленовая 3-я улица,420075
Улица Клубничная (Плодопитомник),420139
Улица Ключевая (Кульсеитово),420096
Ключищенская улица,420094
Кожевенная улица,420030
Коллективная улица,420044
Территория Коллективный сад N10 СНТ ОАО КМПО,422700
Территория СНТ Коллективный сад N14 КАПО им С.П.Горбунова,422700
Территория Коллективный сад N14 СНТ ОАО КМПО,422700
Территория Коллективный сад N2 СНТ ОАО КМПО,420000
Территория Коллективный сад N6 СНТ ОАО КМПО,422700
Территория Коллективный сад N7 СНТ ОАО КМПО,422700
Улица Колодезная (Кадышево),420099
Коломенская улица,420039
Колхозная улица,420098
Улица Колхозная (Борисоглебское),420098
Колымская улица,420078
Кольцевая улица,420036
Улица Комарова,420087
Комбайнерская улица,420108
Комбайнерская 2-я улица,420108
Комбинатская улица,420094
Улица Компрессорщиков (Новая Сосновка),420056
Улица Конечная (Петровский),420070
Улица Коновалова,420088
Кооперативная улица,420101
Улица Кооперативная (Большие Дербышки),420096
Улица Кооперативная (Малые Дербышки),420096
Улица Кооператоров,420077
Корабельная улица,420079
Короткий переулок,420075
Улица Коротченко,420111
Улица Космонавтов,420061
Костромская улица,420129
Улица Котовского,420085
Переулок Кочетов,420012
Улица Кояшлы (Петровский),420070
Краевая улица,420096
Красивая улица,420129
Красноармейский переулок,420076
Красноборская 1-я улица,420079
Красноборская 2-я улица,420079
Красноборская 3-я улица,420079
Красновидовская улица,420055
Красноводская улица,420054
Улица Красного Пожарника,420021
Улица Красного Химика,420030
Красногорская улица,420030
Краснодарская улица,420094
Краснодонский переулок,420047
Краснокамская улица,420047
Краснопресненская улица,420047
Красносельская улица,420066
Красноуральская улица,420059
Улица Красный Маяк,420095
Красочная улица,420076
Красочный переулок,420076
Красочный 1-й тупик,420076
Красочный 2-й тупик,420076
Кремлевская набережная,420111
Кремлевская улица,420111
Территория Кремль,420014
Крестьянская улица,420108
Кривая улица,420097
Улица Кривой Овраг,420097
Криворожская улица,420077
Кристальная улица,420088
Круговая улица,420056
Крутая улица,420100
Крутовская улица,420054
Крылатская улица,420083
Улица Крылова,420087
Крымская улица,420105
Улица КСКа,420111
Кубанский переулок,420036
Куземетьевская улица,420078
Куземетьевская 1-я улица,420078
Куземетьевская 2-я улица,420078
Куземетьевская 3-я улица,420078
Куземетьевская 4-я улица,420078
Куземетьевская 5-я улица,420078
Кузнечная улица,420097
Кузнечный переулок,420101
Кузнечный переулок,420101
Кукушкинская улица,420005
Улица Кул Гали,420141
Кулагинская улица,420088
Кулаевская улица,420055
Улица Кулибина,420101
Улица Кулле,420139
Улица Кульбаш (Петровский),420070
Улица Курай,420099
Улица Курашова,420012
Куркачинская улица,420056
Улица Курчатова,420087
Улица Кутузова,420047
Кутузовский переулок,420047
Кызыл Армейская улица,420030
Улица Кызыл Татарстан,420108
Улица Кызыл Яр,420055
Улица Кырлай,420076
Лавровый переулок,420140
Лагерная улица,420030
Ладожская 1-я улица,420055
Ладожская 2-я улица,420055
Улица Лазарева,420033
Лазурная улица,420064
Лаишевская улица,420079
Ландышевая улица,420076
Ландышевый переулок,420076
Улица Латышских Стрелков,420087
Улица Лачын (Киндери),420075
Улица Лебедева,420054
Лебяжья улица,420033
Улица Леваневского,420085
Улица Левитана,420085
Улица Левченко,420006
Улица Лейсан,420129
Улица Лейтенанта Красикова,420078
Лениногорская улица,420094
Ленская улица,420034
Улица Лесгафта,420043
Улица Лесная (Большие Дербышки),420096
Улица Лесная (Голубое Озеро),420099
Улица Лесная (Константиновка),420083
Улица Лесная (Отары),420005
Улица Лесная (Петровский),420070
Улица Лесная (Плодопитомник),420139
Улица Лесная (Щербаково),420099
Лесной переулок,420076
Лесопарковая улица,420076
Лесопарковый переулок,420076
Лесопильная улица,420032
Летняя улица,420079
Лечебная улица,420036
Улица Лизы Чайкиной,420127
Линейная улица,420101
Улица Липатова,420075
Улица Липки,420139
Липовый переулок,420079
Улица Лиственная (Салмачи),420129
Лиственный переулок,420079
Улица Листопадная (Плодопитомник),420139
Улица Литвинова,420047
Улица Лобачевского,420111
Лодейная улица,420054
Локаторная улица,420056
Переулок Локаторный 1-й (Новая Сосновка),420056
Переулок Локаторный 2-й (Новая Сосновка),420056
Локомотивная улица,420054
Ломжинская улица,420140
Улица Ломоносова,420102
Улица Лосиная (Петровский),420070
Луганская улица,420047
Луговая улица,420098
Улица Луговая (Борисоглебское),420098
Улица Луговая (Вишневка),420129
Улица Луговая (Вознесенское),420140
Улица Луговая (Кировский р-н),420033
Улица Луговая (Красно-октябрьское лесн-во),420051
Улица Лукницкого,420032
Лунная улица,420078
Лучевая улица,420077
Львовская улица,420101
Люблинская улица,420054
Улица Любы Шевцовой,420036
Улица Лядова,420036
Магаданская улица,420105
Магаданская 2-я улица,420105
Улица Магистральная (Щербаково),420099
Магнитогорская улица,420054
Улица Мадлен (Новая Сосновка),420071
Улица Мазита Гафури,420108
Майкопская улица,420077
Улица Майкопская (Калининский),420054
Майская улица,420059
Майский переулок,420059
Улица Макаренко,420073
Маковая улица,420070
Малахитовая улица,420083
Улица Малая (Салмачи),420129
Малая Дорожная улица,420056
Улица Малая Заречная (Борисоглебское),420099
Малая Кабанная улица,420054
Малая Красная улица,420015
Улица Малая Мухаметшина,420033
Малая Набережная улица,420005
Малая Осенняя улица,420056
Малая Печерская улица,420127
Малая Слободская улица,420097
Маленькая улица,420061
Малиновая улица,420075
Мало-Кузнечный переулок,420101
Мало-Московская улица,420030
Мало-Отарская улица,420005
Улица Мало-Пугачевский овраг,420097
Малый переулок,420129
Мамадышская улица,420100
Улица Мамина-Сибиряка,420085
Улица Марины Расковой,420073
Улица Маркина,420036
Улица Марселя Салимжанова,420107
Марсовая улица,420049
Улица Маршала Говорова,420047
Маршальская улица,420105
Маршрутная улица,420004
Улица Масгута Латыпова,420097
Улица Мастеров,420076
Улица Матроса Железняка,420059
Улица Матросова,420073
Переулок Матур,420064
Улица Матюшинская (Петровский),420070
Улица Машинистов,420077
Улица Машиностроителей (Новая Сосновка),420056
Улица Маяковского,420012
Улица Медиков,420064
Медицинский 2-й переулок,420064
Медицинский 3-й переулок,420064
Улица Медовая (Киндери),420075
Международная улица,420077
Межевой переулок,420032
Мелекесская улица,420047
Мелитопольская улица,420055
Меридианная улица,420124
Улица Меридианная (Лесной городок),420064
Местная улица,420101
Улица Металлистов,420088
Улица Меховщиков,420108
Улица Мечтателей,420099
Милицейская улица,420030
Улица Милосердия (Восточный),420129
Улица Миляш (Красно-октябрьское лесн-во),420051
Улица Миляшле (Вознесенское),420140
Улица Миляшле (Константиновка),420083
Улица Минина,420047
Минская улица,420140
Минусинская улица,420079
Улица Мира (Салмачи),420129
Улица Мирас,420099
Миргородская улица,420055
Улица Мирсая Амира (Киндери),420075
Улица Миславского,420111
Улица Мифтахетдина Акмуллы,420129
Улица Михаила Коринфского,420083
Улица Михаила Миля,420127
Улица Михаила Худякова,420021
Улица Мичурина,420105
Переулок Мичурина (Киндери),420075
Улица Мичурина (Киндери),420075
Модельная улица,420054
Улица Можайского,420004
Можжевеловая улица,420064
Улица Моисеева,420091
Улица Молдавская (Кировский р-н),420076
Улица Молдавская (Приволжский р-н),420005
Молодежная улица,420127
Улица Молодежная (Новая Сосновка),420056
Улица Молодежная (Отары),420005
Улица Молодежная (Салмачи),420129
Улица Молодежная (Щербаково),420099
Молодежный переулок,420127
Молодецкая улица,420101
Молодецкий переулок,420101
Молодогвардейская улица,420078
Улица Молодости,420055
Монтажная улица,420094
Мостовая улица,420054
Улица Мостовиков (Новая Сосновка),420056
Моторная улица,420105
Музыкальная улица,420033
Улица Мулланура Вахитова,420034
Улица Мусы Джалиля,420111
Улица Мянгелек,420129
Набережная улица,420071
Улица Набережная (Аки),420075
Улица Набережная (Кировский р-н),420030
Улица Набережная (Кульсеитово),420096
Улица Набережная (Отары),420005
Улица Набережная Казанки,420111
Улица Наби Даули,420070
Улица Нагорная (Кадышево),420099
Улица Нагорная (Киндери),420075
Улица Нагорная (Новая Сосновка),420056
Надеждинская улица,420055
Улица Надежды Тимашовой,420055
Надпойменная улица,420055
Улица Назлы (Вознесенское),420140
Улица Наиля Юсупова,420076
Улица Наки Исанбета,420073
Наклонная улица,420140
Улица Намус (Салмачи),420129
Улица Наратлы (Новая Сосновка),420056
Улица Нардуган (Вознесенье),420140
Улица Нариманова,420021
Улица Наставников,420129
Насыпная улица,420032
Улица Натана Рахлина,420083
Улица Науруз (Красно-Октябрьское лесн-во),420051
Научный городок,420075
Улица Нахимовский Овраг,420097
Начальная улица,420075
Небесная улица,420075
Улица Невельского,420049
Улица Некрасова,420012
Нестеровская улица,420097
Улица Нестеровский Овраг,420097
Улица Нестеровский Спуск,420097
Улица Нигматуллина,421001
Нижнекамская улица,420054
Нижнекамская 2-я улица,420054
Нижнетагильская улица,420055
Нижнетагильский переулок,420055
Нижняя улица,420078
Нижняя Торфяная улица,420066
Низенькая улица,420012
Низовая улица,420102
Улица Николаева,420107
Улица Николая Заболоцкого,420129
Улица Николая Загоскина,420083
Улица Николая Столбова,420021
Улица Николая Фешина,420070
Улица Новаторов,420061
Улица Новая (Большие Дербышки),420096
Улица Новая (Борисоглебское),420098
Улица Новая (Кадышево),420099
Улица Новая (Салмачи),420129
Улица Новая (Щербаково),420099
Новгородская улица,420079
Новгородский переулок,420079
Улица Новинка,420055
Ново-Аракчинская улица,420079
Ново-Вахитовская улица,420021
Ново-Давликеевская улица,420055
Ново-Караваевская улица,420037
Ново-Квартальная улица,420066
Ново-Осиновская улица,420076
Ново-Осиновская 2-я улица,420076
Ново-Осиновская 3-я улица,420076
Ново-Песочная улица,420107
Ново-Пугачевская улица,420097
Ново-Светлая улица,420004
Ново-Слободская улица,420030
Ново-Юдинская улица,420077
Новороссийская улица,420077
Улица Новоселова,420076
Новосельская улица,420055
Новосельская 10-я улица,420055
Новосельская 12-я улица,420055
Новосельская 2-я улица,420055
Новосельская 3-я улица,420055
Новосельская 4-я улица,420055
Новосельская 5-я улица,420055
Новосельская 6-я улица,420055
Новосельская 7-я улица,420055
Новосельская 8-я улица,420055
Новосельская 9-я улица,420055
Новоселья улица,420100
Улица Новостройки,420079
Ногинская улица,420105
Улица Ноксинская (Константиновка),420083
Ноксинская 1-я улица,420053
Ноксинская 2-я улица,420053
Ноксинская 3-я улица,420053
Ноксинская 4-я улица,420053
Ноксинский переулок,420140
Переулок Ноксинский 1-й (Вознесенское),420140
Переулок Ноксинский 2-й (Вознесенское),420140
Переулок Ноксинский 4-й (Вознесенское),420140
Переулок Ноксинский 5-й (Вознесенское),420140
Переулок Ноксинский 6-й (Вознесенское),420140
Переулок Ноксинский 7-й (Вознесенское),420140
Улица Ноксинский Спуск,420140
Улица Нура Баяна,420021
Улица Нурихана Фаттаха,420076
Нурлатская улица,420037
Нурлатский переулок,420037
Улица Нурлы (Восточный),420129
Улица Нэфис,420064
Улица Обновления,420140
Улица Обнорского,420036
Оборонная улица,420088
Улица Обочная (Щербаково),420099
Объединенная улица,420079
Овражная улица,420012
Улица Овражная (Аки),420075
Улица Овражная (Салмачи),420129
Улица Огарева,420036
Одесская улица,420097
Улица Односторонка Гривки,420066
Односторонка Ноксинская улица,420053
Переулок Односторонки Гривки,420066
Односторонняя Луговая улица,420098
Односторонняя Парковая улица,420078
Одноэтажная улица,420102
Улица Озерная (Борисоглебское),420098
Улица Озерная (Татваленка),420070
Территория Озеро Глубокое,420004
Территория Озеро Лебяжье,420004
Окраинная улица,420078
Окружная улица,420075
Улица Окружная (Дербышки),420096
Окская улица,420076
Улица Октябрьская (Борисоглебское),420098
Территория Октябрьский городок,420061
Улица Олега Кошевого,420127
Улица Олега Лундстрема,420064
Олонецкая улица,420088
Ольховая улица,420099
Онежская улица,420055
Оранжерейная улица,420005
Ореховая улица,420129
Ореховый переулок,420079
Орловская улица,420108
Улица Оружейников,420076
Осиновая улица,420099
Осиновская улица,420076
Осиновский переулок,420076
Улица Осипенко,420102
Отарская 1-я улица,420005
Отарская 2-я улица,420005
Отарская 3-я улица,420005
Отарская 4-я улица,420005
Отарская 5-я улица,420005
Отарская 6-я улица,420005
Отарская 8-я улица,420005
Отарский переулок,420005
Отдаленная 1-я улица,420056
Улица Отдыха,420075
Откосная улица,420053
Отрадная улица,420087
Офицерская улица,420101
Охотничья улица,420054
Охотская улица,420097
Улица Павлика Морозова,420032
Параллельная улица,420079
Параллельно-Кисловодская улица,420005
Параллельно-Прогонная улица,420005
Паратская улица,420076
Улица Парканат,420140
Парниковая улица,420005
Улица Паровозников,420076
Партизанская улица,420039
Пасечная улица,420070
Пензенская улица,420101
Первого Мая улица,420032
Первомайский переулок,420078
Переселенческая улица,420053
Пермская улица,420094
Пермская 1-я улица,420091
Пермская 2-я улица,420091
Песенная улица,420076
Песочная улица,420098
Улица Песочная (Карьер),420053
Песочный переулок,420098
Песчаная улица,420098
Петербургская улица,420107
Улица Петра Алексеева,420061
Улица Петра Баранова,420098
Пехотная улица,420043
Пехотный переулок,420043
Пешеходная улица,420056
Пилотская улица,420102
Пионерская улица,420029
Улица Пионерская (Новая Сосновка),420071
Пихтовая улица,420098
Плодовая улица,420105
Плужная улица,420076
Победиловская 1-я улица,420005
Победиловская 2-я улица,420005
Победиловская 3-я улица,420005
Победиловская 4-я улица,420005
Победиловская 5-я улица,420005
Переулок Побежимова,420036
Повстанческая улица,420102
Пограничная улица,420076
Подгорная улица,420049
Подгорная 2-я улица,420049
Подлесная улица,420055
Подлужная улица,420015
Подольская улица,420055
Подорожная улица,420070
Подъемная улица,420053
Пожарная улица,420054
Переулок Пожарского,420091
Полевая улица,420102
Улица Полевая (Большие Клыки),420025
Улица Полевая (Вознесенское),420140
Полесская улица,420076
Политехническая улица,420078
Пологая улица,420055
Полонная улица,420054
Полоцкая улица,420076
Полянская улица,420094
Полярная улица,420105
Поперечно-Авангардная улица,420054
Поперечно-Азинская улица,420088
Поперечно-Беломорская улица,420047
Поперечно-Березниковская улица,420055
Поперечно-Боевая улица,420030
Поперечно-Большая улица,420098
Поперечно-Гривская улица,420066
Поперечно-Давликеевская улица,420055
Поперечно-Дорожная 1-я улица,420056
Поперечно-Дорожная 2-я улица,420056
Поперечно-Дорожная 3-я улица,420056
Поперечно-Дорожная 4-я улица,420056
Поперечно-Дорожная 5-я улица,420056
Поперечно-Дорожная 6-я улица,420056
Поперечно-Дорожная 7-я улица,420056
Поперечно-Дорожная 9-я улица,420056
Поперечно-Кабанная улица,420054
Поперечно-Карагандинская 1-я улица,420037
Поперечно-Карагандинская 2-я улица,420037
Поперечно-Колхозная улица,420098
Поперечно-Красноборская улица,420079
Поперечно-Крымская улица,420105
Поперечно-Кукушкинская улица,420005
Поперечно-Лагерная улица,420030
Поперечно-Малокабанная улица,420054
Поперечно-Мирная улица,420136
Поперечно-Молодежная улица,420005
Поперечно-Мостовая улица,420054
Поперечно-Ноксинская улица,420053
Поперечно-Осенняя 1-я улица,420056
Поперечно-Осенняя 2-я улица,420056
Поперечно-Отарская улица,420005
Поперечно-Подлужная улица,420015
Поперечно-Прогонная улица,420005
Поперечно-Равнинная улица,420079
Поперечно-Резвая улица,420055
Поперечно-Резвая 2-я улица,420055
Поперечно-Слободская улица,420097
Поперечно-Сормовская улица,420054
Поперечно-Таловая улица,420053
Поперечно-Тальниковая улица,420079
Поперечно-Центральная улица,420097
Поперечно-Чебоксарская улица,420105
Пороховая улица,420076
Портовая улица,420108
Поселковый переулок,420079
Потребительская улица,420097
Улица Поэта Каменева,420096
Улица Правды (Дербышки),420075
Право-Булачная улица,420111
Улица Правосудия,420034
Праздничный переулок,420140
Прибольничная улица,420075
Приборная улица,420105
Прибрежная улица,420054
Прибрежный переулок,420079
Приветливая улица,420070
Привокзальная площадь,420021
Привокзальная улица,420078
Улица Приволжская (Отары),420005
Привольная улица,420083
Привольная 1-я улица,420043
Привольная 2-я улица,420043
Пригородная улица,420054
Придорожная улица,420098
Придорожная улица,420098
Приовражная 1-я улица,420055
Приовражная 2-я улица,420055
Приозерная улица,420005
Прирельсовая улица,420079
Приречный переулок,420129
Улица Пришвина,420047
Пришкольный переулок,420077
Прогонная улица,420005
Продольная улица,420071
Продольно-Кукушкинская улица,420005
Проезжая улица,420030
Производственная улица,420098
Улица Производственная (Борисоглебское),420098
Пролетарская улица,420032
Улица Пролетарская (Сухая река),420098
Промысловая улица,420054
Промышленная улица,420098
Проселочная улица,420005
Просторная улица,420055
Улица Профессора Альтшулера,420055
Профессора Камая улица,420101
Улица Профессора Мухамедьярова,420039
Улица Профессора Нужина,420111
Улица Профессоров Котельниковых,420055
Профессорский переулок,420012
Улица Профсоюзная (Вознесенское),420140
Проходный переулок,420030
Прудная улица,420076
Пугачевская улица,420097
Улица Рабочая (Киндери),420075
Улица Рабочая (Малые Клыки),420025
Улица Рабочая 2-я (Борисоглебское),420098
Улица Рабочая 2-я (Киндери),420075
Рабочая 3-я улица,420098
Улица Рабочей Молодежи,420097
Равнинная улица,420079
Радиальная улица,420070
Улица Радистов,420088
Улица Радищева,420108
Радужная улица,420140
Радушная улица,420083
Раздольная улица,420071
Улица Раздольная (Новая Сосновка),420071
Раздольный переулок,420129
Улица Райниса,420036
Райская улица,420083
Ракетная улица,420097
Рассветный переулок,420129
Переулок Раушан,420139
Улица Раушан,420139
Улица Рахима Саттара,420055
Улица Рахимова,420006
Улица Рахматуллина,420111
Улица Рашида Вагапова,420100
Улица Рашида Нежметдинова,420083
Революционная улица,420078
Революционный переулок,420078
Ремесленная улица,420043
Улица Репина,420033
Речная улица,420030
Речная улица,420030
Улица Речная (Борисоглебское),420098
Улица Речная (Щербаково),420099
Рижская улица,420085
Улица Ризаэтдина Фахретдина,420055
Улица Рихарда Зорге (Кадышево),420099
Родниковая улица,420076
Улица Роз,420139
Улица Ромашек,420139
Ромашковая улица,420096
Роторная улица,420059
Рощинская улица,420055
Рубежная улица,420055
Рубежная 2-я улица,420055
Рубежная 3-я улица,420055
Рубежная 4-я улица,420055
Рубежная 5-я улица,420055
Рубиновая улица,420047
Рудная улица,420056
Улица Рудольфа Нуреева,420064
Русловая улица,420054
Улица Рустема Яхина,420111
Ручьевая улица,420070
Рыбацкая улица,420055
Рыбная улица,420100
Улица Рылеева,420087
Рыночная улица,420036
Рядовая 1-я улица,420055
Рядовая 2-я улица,420055
Улица Сабантуй,420129
Улица Сабит,420141
Территория Сад 2 АО КВЗ,420000
Улица Садовая (Аки),420075
Улица Садовая (Большие Клыки),420025
Улица Садовая (Борисоглебское),420098
Улица Садовая (Петровский),420070
Улица Садовая (Старое Победилово),420005
Улица Садовая (Татваленка),420070
Улица Садовая (Щербаково),420099
Улица Садовая(Аметьево),420105
Улица Садри Максуди,420070
Территория Сады Азино,420073
Территория Сады Аэропорт,420073
Территория Сады Ветеран войны,420073
Территория Сады Зеленый,420073
Территория Сады Нефтеразведчик,420073
Территория Сады Нокса,420073
Территория Сады Совет,420073
Территория Сады Энергетик-2,420073
Улица Сазлы,420076
Улица Саид-Галеева,420111
Улица Сайдаша,420129
Улица Салавата Юлаева,420073
Улица Салиха Батыева,420129
Улица Салиха Курбангалиева,420055
Переулок Салиха Сайдашева,420129
Самарская улица,420004
Улица Саммера,420015
Улица Самодеятельности,420056
Переулок Саначина,420015
Сарапульская улица,420047
Улица Сардара Ваисова,420030
Улица Сафина,420076
Улица Сафлык,420088
Улица Сафьян,420021
Сахалинская улица,420098
Сборная улица,420097
Светлая улица,420033
Улица Светлая (Аки),420075
Светозарная улица,420096
Свияжская улица,420076
Свободная улица,420055
Свободный переулок,420055
Площадь Свободы,420060
Улица Свободы,420070
Улица Связистов,420029
Связная улица,420140
Территория СДТ КАПО-8,422700
Территория Сдт Меховщик,420000
Территория Сдт Наука,420000
Территория сдт Победа,420005
Территория Сдт Спартак,420000
Территория СДТ Чайка,420077
Территория СДТ Элекон-2,422700
Севастопольская улица,420101
Северо-Западная улица,420051
Селекционная улица,420059
Улица Селькоров,420055
Селянская улица,420076
Семейная улица,420083
Семидворная улица,420054
Семиозерская улица,420094
Сентябрьская улица,420047
Улица Сергея Лазо,420088
Улица Сердаш,420076
Серебряная улица,420129
Улица Серп и Молот,420030
Серпуховская улица,420033
Улица Сеченова,420061
Улица Сибай,420070
Сибирский переулок,420061
Улица Сиенеч,420139
Силикатная улица,420094
Симбирская улица,420076
Симферопольская улица,420047
Сиреневая улица,420077
Улица Сиреневая (Новая Сосновка),420056
Сквозная улица,420097
Складская улица,420054
Скороходная улица,420056
Улица Скрябина,420087
Славная улица,420139
Славянская улица,420076
Слесарная улица,420030
Слободская улица,420032
Смежная улица,420139
Смоленская улица,420047
Улица Смычки,420032
Снайперская улица,420140
Снежная улица,420139
Территория СНТ 1 ОАО КМПО,420036
Территория СНТ 3 ТЭЦ-2,420000
Территория СНТ Березка,420073
Территория СНТ Березка (Кутузова),420047
Территория СНТ Березовая роща (Балканская),420055
Территория СНТ Березовая роща (Ново-Давликеевская),420000
Территория СНТ Ветеран КАПО им С.П.Горбунова,420036
Территория СНТ Залив,420000
Территория СНТ им Воровского,420039
Территория СНТ Инвалидов и пенсионеров,420000
Улица СНТ Нарцисс,420005
Территория СНТ Ноксинское,420073
СНТ Овощник-1,420083
Территория СНТ Рассвет,420073
Территория СНТ Сад Казанского железнодорожного узла,420105
Территория снт Садовод,420000
СНТ Садовод 11,422700
СНТ Сирень,420091
Территория снт Татарстан,420021
СНТ Фотон,422704
Территория СНТ Ягодка,420000
Улица Собинова,420047
Улица Советская (Большие Дербышки),420096
Улица Советская (Борисоглебское),420098
Улица Советская (Кадышево),420099
Улица Советская (Константиновка),420083
Совнархозовская улица,420094
Совхозный переулок,420076
Солдатская улица,420066
Улица Солидарности,420071
Соликамская улица,420047
Солнечная улица,420033
Улица Солнечная (Салмачи),420129
Солнечный переулок,420033
Соловьиная улица,420051
Улица Соревнования,420105
Сормовская улица,420054
Сормовский переулок,420054
Сортировочная улица,420078
Улица Сосновая (Аки),420075
Улица Сосновая (Петровский),420070
Сосновая 1-я улица,420098
Сосновая 2-я улица,420075
Софийская улица,420077
Улица Софьи Ковалевской,420091
Социалистическая улица,420036
Союзная 10-я улица,420039
Спортивная улица,420073
Территория СТ Дружба-1,420073
Территория СТ Родник-4,420075
Ставропольская улица,420047
Стадионная улица,420075
Улица Станиславского,420036
Станционная 1-я улица,420053
Станционная 2-я улица,420053
Станционная 3-я улица,420053
Станционная 4-я улица,420053
Станционная 5-я улица,420053
Улица Станюковича,420079
Старательный переулок,420140
Старая улица,420012
Старо-Аметьевская улица,420049
Старо-Аракчинская улица,420079
Старо-Пугачевская улица,420097
Старообрядческая улица,420012
Улица Степана Разина,420073
Улица Степана Халтурина,420032
Улица Степная (Борисоглебское),420098
Улица Степная (Киндери),420075
Улица Степная (Новая Сосновка),420056
Улица Стожки,420076
Столбищенская 1-я улица,420005
Улица Столярова,420030
Улица Строителей (Борисоглебское),420098
Строительная улица,420088
Улица Стройная (Салмачи),420129
Студеная улица,420105
Улица Су Анасы,420079
Суконная улица,420043
Улица Сулеймановой,420034
Улица Султана Габаши,420064
Сумская улица,420047
Улица Сурикова,420105
Сухая улица,420098
Сухорецкая улица,420098
Улица Сухорецкая (Борисоглебское),420098
Улица Сухуми,420047
Счастливая улица,420055
Сызранская улица,420101
Улица Табейкина,420032
Тагаевская улица,420088
Таганрогская улица,420076
Таежная улица,420056
Таежная 1-я улица,420056
Таежная 2-я улица,420056
Таймырская улица,420036
Таловая улица,420053
Тальниковая улица,420079
Тальниковый переулок,420079
Тамбовская улица,420127
Улица Тамчы,420129
Улица Тан,420076
Танковая улица,420101
Улица Тансык,420076
Улица Таныш,420140
Улица Тар Урам,420036
Улица Тасма,420076
Улица Татарстан,420021
Улица Татарстан (Кадышево),420099
Улица Татарстан (Малые Клыки),420025
Улица Таулы,420129
Улица Ташаяк,420111
Улица Ташлы,420076
Переулок Ташлык,420140
Тбилисская улица,420047
Тверская улица,420034
Театральная улица,420111
Улица Телецентра,420004
Улица Тельмана,420111
Тенистый переулок,420096
Теньковская улица,420005
Теплично-комбинатская улица,420036
Улица Тепловозников,420078
Терновая улица,420075
Территория вокзала,420021
Тетюшская улица,420076
Техническая улица,420054
Улица Тигез,420129
Улица Тимер Юл,420021
Улица Тимирязева,420036
Тихая улица,420097
Улица Тихая (Салмачи),420129
Тихвинская улица,420129
Тихогорская улица,420105
Улица Тихомирнова,420107
Тихорецкая улица,420054
Тихорецкая 2-я улица,420054
Тобольская улица,420055
Товарищеская улица,420097
Токарная улица,420033
Улица Толбухина,420073
Улица Толстого (Кадышево),420099
Томская улица,420055
Тополевая улица,420075
Торговая улица,420077
Улица Тормыш,420088
Торфяная улица,420053
Травная улица,420088
Тракторная улица,420054
Тракторная 1-я улица,420054
Тракторная 2-я улица,420054
Тракторная 3-я улица,420054
Тракторная 4-я улица,420054
Трамвайная улица,420127
Транспортная улица,420094
Трансформаторная улица,420075
Улица Тренева,420047
Улица Труда,420034
Трудовая улица,420025
Улица Трудящихся,420075
Улица Тугай,420096
Улица Туганлык,420025
Улица Тузганак,420140
Улица Тулпар,420081
Тульская улица,420054
Туманная улица,420140
Тупиковая улица,420070
Улица Туполева,420096
Турбинная улица,420054
Улица Тургай,420088
Туринская улица,420101
Туринская 2-я улица,420101
Туристическая улица,420077
Туристический переулок,420077
Улица Турского,420047
Улица Туры,420140
Улица Туфана Миннуллина,420107
Тушинская улица,420101
Улица Тылсым,420075
Улица Тыныч,420100
Площадь Тысячелетия,420111
Улица Тюленина,420047
Тюлячинская улица,420100
Улица Тюлячинская (Большие Клыки),420100
Тюменская улица,420054
Тюменский переулок,420054
Угловая улица,420070
Узенькая улица,420030
Узорная улица,420076
Узорный переулок,420076
Переулок Узянле,420076
Улица Узянле,420076
Укромный переулок,420129
Улица Ульяны Громовой,420036
Умырзая улица,420083
Проспект Универсиады,420010
Университетская улица,420111
Улица Уныш,420064
Улица Уракчи,420129
Уржумская улица,420101
Улица Урицкого,420030
Переулок Урмале,420129
Улица Урман,420051
Улица Урманлы,420064
Урожайная улица,420101
Урожайный переулок,420101
Улица Уртак,420141
Услонская улица,420005
Улица Услонская (Малые Дербышки),420096
Улица Успенского,420047
Уссурийская улица,420077
Уссурийский переулок,420077
Улица Утренняя (Киндери),420071
Улица Утренняя (Новая Сосновка),420071
Уфимская улица,420029
Уютная улица,420064
Фабричная улица,420102
Улица Файзрахмана Юнусова,420129
Улица Фаткуллина,420021
Улица Фатыха Карима,420021
Федосеевская улица,420111
Ферганская улица,420078
Территория Ферма-2,420011
Улица Фермское Шоссе,420054
Фиалковая улица,420129
Фигурная улица,420053
Физкультурная улица,420087
Улица Фикрята Табеева,420083
Филиальная улица,420094
Улица Фонвизина,420087
Фруктовая улица,420087
Улица Фрунзе,420033
Футбольная улица,420077
Улица Хади Атласи,420043
Улица Халева,420059
Улица Халезова,420075
Улица Халитова,420088
Улица Хасана Туфана,420039
Хвойная улица,420096
Проезд Хезмэт,420083
Хибинская улица,420076
Химическая улица,420051
Хлебозаводская улица,420006
Холмовая улица,420054
Хороводная улица,420097
Улица Хусаина Мавлютова,420101
Улица Хыял,420064
Цветной переулок,420129
Цветочная улица,420054
Улица Цветочная (Вознесенское),420140
Целинная улица,420101
Улица Центральная (Вознесенское),420140
Улица Центральная (Голубое Озеро),420099
Улица Центральная (Константиновка),420083
Улица Центральная (Краснооктябрьский),420051
Улица Центральная (Крутушка),420130
Улица Центральная (Отары),420005
Улица Центральная (Петровский),420070
Улица Центральная (Татваленка),420070
Улица Центральная (Щербаково),420099
Центрально-Отарская улица,420005
Центрально-Торфяная улица,420053
Цимлянская улица,420073
Улица Чайковского,420127
Улица Чапаева (Кадышево),420099
Улица Чаткы,420070
Чебоксарская улица,420105
Челнинская улица,420073
Улица Челюскинцев,420037
Черемховская улица,420078
Черемшановая улица,420140
Черепичная улица,420087
Черниговская улица,420055
Черничный переулок,420070
Черногорская улица,420078
Черноморская улица,420066
Черноозерская улица,420055
Улица Чернопенье,420083
Черноплодная улица,420129
Чернопрудная улица,420070
Переулок Чернышевского,420077
Улица Чернышевского,420111
Улица Черняховского,420047
Улица Чехова (Кадышево),420099
Улица Чингиза Айтматова,420140
Улица Чирямле,420129
Чистая улица,420064
Чистоозерская улица,420030
Читинская улица,420047
Улица Чишмяле,420140
Улица Чкалова,420102
Чугуевская улица,420047
Чукотская улица,420078
Улица Чулпан,420096
Улица Чунтонова,420139
Чусовая улица,420079
Улица Шавалиева,420025
Улица Шавкат,420076
Улица Шагиахмета Алкина,420064
Улица Шадрина,420036
Улица Шамиля Усманова,420095
Улица Шатлык (Новая Сосновка),420056
Улица Шатлык (Царицыно),420056
Шатурская 2-я улица,420047
Улица Шаумяна,420047
Шахтерская улица,420087
Улица Шевченко,420054
Улица Шигабутдина Марджани,420021
Широкая улица,420030
Улица Шишкина,420059
Улица Школьная (Борисоглебское),420098
Улица Школьная (Кадышево),420099
Улица Школьная (Константиновка),420083
Улица Школьная (Краснооктябрьский),420051
Улица Школьная (Малые Дербышки),420096
Улица Школьная (Петровский),420070
Шмелиная улица,420140
Улица Шомыртлы,420091
Шоссейная улица,420032
Улица Шоссейная (Борисоглебское),420098
Улица Шоссейная (Новая Сосновка),420071
Шоссейный переулок,420032
Шпаковская улица,420070
Улица Шульгина,420032
Шумная улица,420076
Улица Щапова,420012
Улица Щедрина,420102
Улица Щепкина,420012
Щербаковский переулок,420012
Улица Щорса,420105
Улица Щукина,420079
Улица Эдгема Тенишева,420083
Переулок Экият,420140
Улица Электрика,420056
Улица Эмет,420129
Улица Энгельса,420032
Улица Энже,420088
Улица Энтузиастов,420075
Улица Эш Урам,420108
Юбилейная улица,420004
Улица Юбилейная (Салмачи),420129
Югославская улица,420051
Югославский переулок,420051
Юдинская улица,420105
Южно-Промышленная улица,420005
Улица Юкэ,420064
Улица Юл Урам,420108
Юл Урам 1-й переулок,420108
Юл Урам 2-й переулок,420108
Улица Юлдаш,420076
Улица Юмарт,420129
Улица Юности,420075
Улица Юсуфа Акчурина,420056
Ютазинская улица,420006
Яблоневый переулок,420079
Ягодная улица,420056
Ягодный переулок,420083
Улица Яз,420091
Улица Якташлар,420140
Улица Якты,420056
Переулок Якты Юл,420054
Улица Якын,420129
Переулок Ялан,420140
Улица Ялан,420076
Улица Ялкын,420051
Улица Яловице,420051
Ялтинская улица,420047
Ямская улица,420021
Улица Ямьле,420088
Улица Яна Юдина,420078
Улица Янки Купалы,420085
Янтарная улица,420099
Улица Япеева,420111
Яранская улица,420094
Улица Ярослава Гашека,420094
Улица Яруллина,420066
Ясеневый переулок,420079
Улица Ясмин,420083
Ясная улица,420055
Яснополянская улица,420053
Яснополянский переулок,420053
Улица Яфраклы,420140
Улица Яшель,420021
Улица Яшляр,420021
Улица Яшь кечь (Кадышево),420099
Улица Яшьлек,420129
